epoch,loss,lr,mae,mse,val_loss,val_mae,val_mse
0,0.22517669200897217,0.001,0.3789322078227997,0.22517669200897217,0.07021044939756393,0.20749099552631378,0.07021044939756393
1,0.12938711047172546,0.001,0.2849041223526001,0.12938711047172546,0.05703841149806976,0.18759620189666748,0.05703841149806976
2,0.11690615862607956,0.001,0.2735285460948944,0.11690615862607956,0.048704925924539566,0.17653651535511017,0.048704925924539566
3,0.09492026269435883,0.001,0.24620214104652405,0.09492026269435883,0.04995037615299225,0.17374186217784882,0.04995037615299225
4,0.08370412141084671,0.001,0.23141396045684814,0.08370412141084671,0.040218643844127655,0.15594835579395294,0.040218643844127655
5,0.07702825963497162,0.001,0.22030410170555115,0.07702825963497162,0.03769015893340111,0.1483609825372696,0.03769015893340111
6,0.07258203625679016,0.001,0.21519093215465546,0.07258203625679016,0.041870880872011185,0.1597568392753601,0.041870880872011185
7,0.07234737277030945,0.001,0.21262787282466888,0.07234737277030945,0.03677285090088844,0.14669165015220642,0.03677285090088844
8,0.07629479467868805,0.001,0.21943214535713196,0.07629479467868805,0.03319598734378815,0.13878986239433289,0.03319598734378815
9,0.06988753378391266,0.001,0.20775184035301208,0.06988753378391266,0.031789444386959076,0.1363878697156906,0.031789444386959076
10,0.06394211202859879,0.001,0.19922204315662384,0.06394211202859879,0.028994077816605568,0.13083456456661224,0.028994077816605568
11,0.058844730257987976,0.001,0.1925087720155716,0.058844730257987976,0.03405316546559334,0.14248010516166687,0.03405316546559334
12,0.05456366762518883,0.001,0.18317939341068268,0.05456366762518883,0.03228302299976349,0.14069519937038422,0.03228302299976349
13,0.05642947182059288,0.001,0.18615996837615967,0.05642947182059288,0.03192899748682976,0.13839951157569885,0.03192899748682976
14,0.05413803085684776,0.001,0.18042334914207458,0.05413803085684776,0.029665954411029816,0.13235993683338165,0.029665954411029816
15,0.05628076568245888,0.001,0.18518494069576263,0.05628076568245888,0.031636472791433334,0.13578762114048004,0.031636472791433334
16,0.0534043163061142,0.0005,0.1800975203514099,0.0534043163061142,0.029889419674873352,0.131605327129364,0.029889419674873352
17,0.05983983725309372,0.0005,0.19060447812080383,0.05983983725309372,0.028880001977086067,0.1310758888721466,0.028880001977086067
18,0.05242503806948662,0.0005,0.17723539471626282,0.05242503806948662,0.02684880420565605,0.1255001425743103,0.02684880420565605
19,0.050727564841508865,0.0005,0.17612424492835999,0.050727564841508865,0.02474137768149376,0.11998531967401505,0.02474137768149376
20,0.05230148881673813,0.0005,0.1788555234670639,0.05230148881673813,0.024748535826802254,0.11989167332649231,0.024748535826802254
21,0.054421111941337585,0.0005,0.1830720752477646,0.054421111941337585,0.02578059211373329,0.12302132695913315,0.02578059211373329
22,0.05354153737425804,0.0005,0.18110916018486023,0.05354153737425804,0.02538660541176796,0.12201299518346786,0.02538660541176796
23,0.05066344514489174,0.0005,0.1746363341808319,0.05066344514489174,0.0232276301831007,0.11687084287405014,0.0232276301831007
24,0.047416381537914276,0.0005,0.171213299036026,0.047416381537914276,0.023645997047424316,0.11786119639873505,0.023645997047424316
25,0.05268936976790428,0.0005,0.1797104924917221,0.05268936976790428,0.02487609162926674,0.12125716358423233,0.02487609162926674
26,0.04571276530623436,0.0005,0.16695615649223328,0.04571276530623436,0.024610908702015877,0.1211346909403801,0.024610908702015877
27,0.04551678150892258,0.0005,0.16779391467571259,0.04551678150892258,0.0231314729899168,0.1140301525592804,0.0231314729899168
28,0.04854382947087288,0.0005,0.1708184778690338,0.04854382947087288,0.02397151291370392,0.1169896125793457,0.02397151291370392
29,0.044176336377859116,0.00025,0.16286802291870117,0.044176336377859116,0.02267151139676571,0.11416970938444138,0.02267151139676571
30,0.04850943014025688,0.00025,0.17444449663162231,0.04850943014025688,0.021794190630316734,0.11127765476703644,0.021794190630316734
31,0.046164873987436295,0.00025,0.1665397584438324,0.046164873987436295,0.02228260599076748,0.11320614814758301,0.02228260599076748
32,0.04533728212118149,0.00025,0.167286217212677,0.04533728212118149,0.022412283346056938,0.11353553831577301,0.022412283346056938
33,0.04643413797020912,0.00025,0.16733966767787933,0.04643413797020912,0.02244146354496479,0.11379694938659668,0.02244146354496479
34,0.04631618782877922,0.00025,0.1676519513130188,0.04631618782877922,0.022104723379015923,0.11177196353673935,0.022104723379015923
35,0.04618208855390549,0.00025,0.16733384132385254,0.04618208855390549,0.022063400596380234,0.11154625564813614,0.022063400596380234
36,0.042836692184209824,0.000125,0.16325947642326355,0.042836692184209824,0.022339463233947754,0.11255814880132675,0.022339463233947754
37,0.046507835388183594,0.000125,0.1673426777124405,0.046507835388183594,0.022507166489958763,0.11363478004932404,0.022507166489958763
38,0.04370447248220444,0.000125,0.16279563307762146,0.04370447248220444,0.021796470507979393,0.11079475283622742,0.021796470507979393
39,0.04822392761707306,0.000125,0.1723756194114685,0.04822392761707306,0.02179211936891079,0.11132774502038956,0.02179211936891079
40,0.04304199665784836,0.000125,0.16094239056110382,0.04304199665784836,0.021715819835662842,0.11101505905389786,0.021715819835662842
41,0.04614224284887314,6.25e-05,0.16632874310016632,0.04614224284887314,0.02220691367983818,0.11265838891267776,0.02220691367983818
42,0.04328027740120888,6.25e-05,0.1637425571680069,0.04328027740120888,0.02185109443962574,0.11157514899969101,0.02185109443962574
43,0.04267548397183418,6.25e-05,0.16117843985557556,0.04267548397183418,0.021432334557175636,0.10996787250041962,0.021432334557175636
44,0.04416542500257492,6.25e-05,0.16191063821315765,0.04416542500257492,0.02107059955596924,0.10868853330612183,0.02107059955596924
45,0.04525979980826378,6.25e-05,0.16599039733409882,0.04525979980826378,0.021123409271240234,0.10885325074195862,0.021123409271240234
46,0.0453965961933136,6.25e-05,0.16430748999118805,0.0453965961933136,0.021072696894407272,0.10889766365289688,0.021072696894407272
47,0.04418008029460907,6.25e-05,0.16161713004112244,0.04418008029460907,0.0215461328625679,0.11061862111091614,0.0215461328625679
48,0.04460010305047035,6.25e-05,0.16550983488559723,0.04460010305047035,0.02097834274172783,0.1086895540356636,0.02097834274172783
49,0.04467959702014923,6.25e-05,0.16231437027454376,0.04467959702014923,0.021048834547400475,0.10869909077882767,0.021048834547400475
